{"cameraMode":{"drawMode":0,"name":"Shaded","section":"Shading Mode"},"sceneLighting":true,"audioPlay":false,"sceneViewState":{"m_AlwaysRefresh":false,"showFog":true,"showSkybox":true,"showFlares":true,"showImageEffects":true,"showParticleSystems":true,"showVisualEffectGraphs":true,"m_FxEnabled":true},"in2DMode":false,"pivot":{"x":-26.182565689086915,"y":-7.5667829513549809,"z":18.789560317993165},"rotation":{"x":-0.20887026190757752,"y":0.5232343077659607,"z":-0.13405509293079377,"w":-0.8152469992637634},"size":12.12435531616211,"orthographic":false}